Brand,Model,Series,Color,Quantity,Sold,In Stock,Purchase Price,Selling Price,Profit,,,
Acura,NSX (1990),HW The 90`S,White,1,0,1,$2.00,$4.00,$0.00,,,
Audi,RS E-Tron GT,HW Green Speed,White,1,0,1,$2.00,$4.00,$0.00,,,,,,,,
Bmw,2002,HW 70 vs 90,Blue,1,0,1,$2.00,$4.00,$0.00,,,,,,,,
Bmw,2002,HW 70 vs 90,Yellow,1,0,1,$2.00,$4.00,$0.00,,,,,,,,
Bmw,507,HW Roadsters,Yellow,1,0,1,$2.00,$4.00,$0.00,,,,,,,,
Bugatti,Bolide,HW Exotics,Black n Red,1,0,1,$2.00,$4.00,$0.00,,,,,,,,
Buick,Riviera (1966),HW Modified,Green,1,0,1,$2.00,$4.00,$0.00,,,,,,,,
Chevrolet,Bumblebee ,HW Screen Time,Yellow,1,0,1,$2.00,$4.00,$0.00,,,,,,,,
Chevrolet,Stingray Convertible (1972),Factory Fresh,White,1,0,1,$2.00,$4.00,$0.00,,,,,,,,
Chevrolet,Chevelle SS (1964),Muscle Mania,Yellow,1,0,1,$2.00,$4.00,$0.00,,,,,,,,
Chevrolet,Chevy (1955),Rod Squad,Black,1,0,1,$2.00,$4.00,$0.00,,,,,,,,
Datsun,240Z,HW Art Cars,Pink,1,0,1,$2.00,$4.00,$0.00,,,,,,,,
DMC,Delorean,HW Art Cars,Black,1,0,1,$2.00,$4.00,$0.00,,,,,,,,
Dodge,Viper SRT10 ACR,HW Exotics,Silver,1,0,1,$2.00,$4.00,$0.00,,,,,,,,
Dodge,SRT Viper,Then and Now,White,1,0,1,$2.00,$4.00,$0.00,,,,,,,,
Dodge,Dart (1968),Compact Kings,Purple,1,0,1,$2.00,$4.00,$0.00,,,,,,,,
Dodge,Challenger (1971),Muscle Mania,Orange,1,0,1,$2.00,$4.00,$0.00,,,,,,,,
Ford,GT Race (2016),Then and Now,Green,1,0,1,$2.00,$4.00,$0.00,,,,,,,,
Ford,Mustang GTD,Mustang 60,Silver,2,0,2,$4.00,$4.00,$0.00,,,,,,,,
Ford,Escort,Compact Kings,Black,1,0,1,$2.00,$4.00,$0.00,,,,,,,,
Ford,Mustang Shelby GT500,Mustang 60,Orange,1,0,1,$2.00,$4.00,$0.00,,,,,,,,
Ford,Bronco (2021),HW Hot Trucks,Yellow,1,0,1,$2.00,$4.00,$0.00,,,,,,,,
Ford,GT,HW Modified,Black,1,0,1,$2.00,$4.00,$0.00,,,,,,,,
Ford,Anglia (1962),Harry Potter,Light Blue,1,0,1,$2.00,$4.00,$0.00,,,,,,,,
GM,Humvee,HW First Response,Silver,1,0,1,$2.00,$4.00,$0.00,,,,,,,,
Gordon Murray,T50S,HW Exotics,Orange,1,0,1,$2.00,$4.00,$0.00,,,,,,,,
Gordon Murray,T33,Factory Fresh,Green,1,0,1,$2.00,$4.00,$0.00,,,,,,,,
Honda,Civic EF (1990),HW 70 vs 90,Blue,1,0,1,$2.00,$4.00,$0.00,,,,,,,,
Honda,Civic Custom (1973),Compact Kings,Yellow,1,0,1,$2.00,$4.00,$0.00,,,,,,,,
Honda,VFR750R (RC30),Moto,White n Red,1,0,1,$2.00,$4.00,$0.00,,,,,,,,
Honda,S800 Racing,HW Race Day,Yellow,1,0,1,$2.00,$4.00,$0.00,,,,,,,,
Honda,Civic Type R (2018),Then and Now,Red,1,0,1,$2.00,$4.00,$0.00,,,,,,,,
Jeep,FC (1957),HW Hot Trucks,Army Green,1,0,1,$2.00,$4.00,$0.00,,,,,,,,
Koenigsegg,Jesko,HW Race Day,Yellow,1,0,1,$2.00,$4.00,$0.00,,,,,,,,
Lamborghini,Huracan Sterrato,Safari Mode,White,2,0,2,$4.00,$4.00,$0.00,,,,,,,,
Lamborghini,Miura SV (1971),HW 70 vs 90,Red,1,0,1,$2.00,$4.00,$0.00,,,,,,,,
Mad Mike,Drift Attack,HW Modified,Grey,1,0,1,$2.00,$4.00,$0.00,,,,,,,,
Mazda,MX-5 Miata (2015),HW J-Imports,Light Green,2,0,2,$4.00,$4.00,$0.00,,,,,,,,
Mazda,787B,Peak Pursuit,White,1,0,1,$2.00,$4.00,$0.00,,,,,,,,
Mazda,RX-7 Drift (1995),HW 70 vs 90,Red,1,0,1,$2.00,$4.00,$0.00,,,,,,,,
Mazda,RX-7 (1995),HW J-Imports,Blue,1,0,1,$2.00,$4.00,$0.00,,,,,,,,
Mazda,RX-7,HW First Response,White,1,0,1,$2.00,$4.00,$0.00,,,,,,,,
Mazda,MX-5 Miata,HW Dream Garage,Grey,1,0,1,$2.00,$4.00,$0.00,,,,,,,,
McLaren,F1,HW The 90`S,Red,2,0,2,$4.00,$4.00,$0.00,,,,,,,,
McLaren,Solus GT,HW Modified,Blue,1,0,1,$2.00,$4.00,$0.00,,,,,,,,
Mercedes Benz,500E,HW 70 vs 90,Dark Green,1,0,1,$2.00,$4.00,$0.00,,,,,,,,
Mercedes Benz,500E,HW 70 vs 90,Silver,1,0,1,$2.00,$4.00,$0.00,,,,,,,,
Mercedes Benz,Unimog 1300L,HW Dirt,Orange,1,0,1,$2.00,$4.00,$0.00,,,,,,,,
Miscellaneous,X-34 Landspeeder,HW Screen Time,Light Orange,1,0,1,$2.00,$4.00,$0.00,,,,,,,,
Nissan,GTR LB-Silhouette version 2,Then and Now,Grey,1,0,1,$2.00,$4.00,$0.00,,,,,,,,
Nissan,Skyline GTR (BCNR33),HW 70 vs 90,Navy Blue,2,0,2,$4.00,$4.00,$0.00,,,,,,,,
Pagani,Utopia,Peak Pursuit,Blue,1,0,1,$2.00,$4.00,$0.00,,,,,,,,
Peugeot,9X8 Hypercar,HW Exotics,White,1,0,1,$2.00,$4.00,$0.00,,,,,,,,
Porsche,911 Turbo Cabriolet,Then and Now,Magenta,1,0,1,$2.00,$4.00,$0.00,,,,,,,,
Porsche,Carrera (1996),HW The 90`S,White,1,0,1,$2.00,$4.00,$0.00,,,,,,,,
Porsche,911 Carrera,Experimotors,White n Blue,1,0,1,$2.00,$4.00,$0.00,,,,,,,,
Porsche,911 GT3,HW Race Day,Black,1,0,1,$2.00,$4.00,$0.00,,,,,,,,
Porsche,911 Carrera GTS,HW Exotics,Red,1,0,1,$2.00,$4.00,$0.00,,,,,,,,
Porsche,904 Carrera GTS,HW Race Day,Light Yellow,1,0,1,$2.00,$4.00,$0.00,,,,,,,,
Range Rover,Velar,Then and Now,Golden,1,0,1,$2.00,$4.00,$0.00,,,,,,,,
Renault,Sport R.S 01,HW Turbo,Red,1,0,1,$2.00,$4.00,$0.00,,,,,,,,
Shelby,Cobra Daytona Coupe,HW Race Day,Blue,1,0,1,$2.00,$4.00,$0.00,,,,,,,,
Subaru,Impreza 22B Sti Version,HW The 90`S,White,1,0,1,$2.00,$4.00,$0.00,,,,,,,,
Subaru,BRZ,HW J-Imports,Blue,2,0,2,$4.00,$4.00,$0.00,,,,,,,,
Subaru,Brz,HW J-Imports,White,1,0,1,$2.00,$4.00,$0.00,,,,,,,,
Tesla,Cyberquad,HW Dirt,Black,1,0,1,$2.00,$4.00,$0.00,,,,,,,,
Toyota,GR86 Cup,Compact Kings,Orange,1,0,1,$2.00,$4.00,$0.00,,,,,,,,